{"cameraMode":{"drawMode":0,"name":"Shaded","section":"Shading Mode"},"sceneLighting":true,"audioPlay":false,"sceneViewState":{"m_AlwaysRefresh":false,"showFog":true,"showSkybox":false,"showFlares":true,"showImageEffects":true,"showParticleSystems":true,"showVisualEffectGraphs":true,"m_FxEnabled":true},"in2DMode":false,"pivot":{"x":-12.679271697998047,"y":1.1284255981445313,"z":57.25059509277344},"rotation":{"x":-0.08175735920667649,"y":-0.9032131433486939,"z":0.37159863114356997,"w":-0.19873212277889253},"size":46.41085433959961,"orthographic":false}